{
  "data": {
    "totalTime": [
      0.008574,
      0.007642,
      0.008964,
      0.00838,
      0.010686,
      0.008147,
      0.00778,
      0.00818,
      0.007481,
      0.007672,
      0.008726,
      0.008601,
      0.008926,
      0.007398,
      0.007801,
      0.007268,
      0.008515,
      0.009095,
      0.008843,
      0.007425,
      0.008275,
      0.007776,
      0.007343,
      0.008162,
      0.008805,
      0.007437,
      0.007341,
      0.008062,
      0.008825,
      0.009146,
      0.006811,
      0.008215,
      0.008133,
      0.008486,
      0.008245,
      0.007956,
      0.007902,
      0.007639,
      0.007322,
      0.007895,
      0.00873,
      0.007811,
      0.007788,
      0.007512,
      0.007786,
      0.007791,
      0.008598,
      0.007736,
      0.007577,
      0.008988,
      0.008232,
      0.010013,
      0.007609,
      0.007661,
      0.009027,
      0.00878,
      0.008946,
      0.009305,
      0.009077,
      0.007517,
      0.007626,
      0.007614,
      0.008425,
      0.008466,
      0.009944,
      0.008979,
      0.008226,
      0.007717,
      0.00912,
      0.008527,
      0.007952,
      0.008964,
      0.007199,
      0.007524,
      0.008077,
      0.008705,
      0.010395,
      0.009135,
      0.008997,
      0.008048,
      0.007397,
      0.010459,
      0.008804,
      0.008335,
      0.00867,
      0.007455,
      0.007838,
      0.008368,
      0.008991,
      0.007507,
      0.010126,
      0.008375,
      0.008889,
      0.009115,
      0.009019,
      0.008717,
      0.008506,
      0.007987,
      0.008623,
      0.007804
    ],
    "connectTime": [
      0.000754,
      0.000745,
      0.001305,
      0.00137,
      0.000878,
      0.000968,
      0.000839,
      0.000972,
      0.000768,
      0.000914,
      0.001138,
      0.001087,
      0.000832,
      0.000787,
      0.000764,
      0.000528,
      0.001093,
      0.001352,
      0.001116,
      0.00073,
      0.001022,
      0.000821,
      0.000754,
      0.001046,
      0.001058,
      0.001079,
      0.000982,
      0.001244,
      0.00098,
      0.000887,
      0.000788,
      0.001098,
      0.000864,
      0.001083,
      0.00106,
      0.000637,
      0.000968,
      0.00077,
      0.000786,
      0.000563,
      0.000848,
      0.000625,
      0.000857,
      0.000676,
      0.000833,
      0.000803,
      0.000961,
      0.000971,
      0.000694,
      0.001264,
      0.00098,
      0.001052,
      0.000666,
      0.00076,
      0.00122,
      0.001003,
      0.00107,
      0.001245,
      0.001321,
      0.000742,
      0.000957,
      0.000706,
      0.00118,
      0.001335,
      0.001296,
      0.00071,
      0.001509,
      0.000896,
      0.001311,
      0.00094,
      0.000816,
      0.001179,
      0.000713,
      0.000716,
      0.001017,
      0.001085,
      0.001206,
      0.00115,
      0.000956,
      0.001136,
      0.000714,
      0.001417,
      0.001162,
      0.000955,
      0.001163,
      0.000975,
      0.000997,
      0.001163,
      0.001059,
      0.000804,
      0.00132,
      0.00104,
      0.000902,
      0.000935,
      0.001329,
      0.001117,
      0.001188,
      0.000964,
      0.001213,
      0.000737
    ],
    "downloadSpeed": [
      71728,
      80476,
      68607,
      73389,
      57551,
      75487,
      79048,
      75183,
      82208,
      80161,
      70479,
      71503,
      68899,
      83130,
      78836,
      84617,
      72225,
      67619,
      69546,
      82828,
      74320,
      79089,
      83753,
      75349,
      69846,
      82694,
      83776,
      76283,
      69688,
      67242,
      90295,
      74863,
      75617,
      72472,
      74590,
      77300,
      77828,
      80507,
      83993,
      77897,
      70446,
      78735,
      78967,
      81869,
      78987,
      78937,
      71528,
      79498,
      81166,
      68424,
      74708,
      61420,
      80825,
      80276,
      68128,
      70045,
      68745,
      66093,
      67753,
      81814,
      80645,
      80772,
      72997,
      72643,
      61846,
      68493,
      74762,
      79694,
      67434,
      72123,
      77339,
      68607,
      85428,
      81738,
      76142,
      70649,
      59163,
      67323,
      68356,
      76416,
      83141,
      58801,
      69854,
      73785,
      70934,
      82494,
      78463,
      73494,
      68401,
      81923,
      60734,
      73432,
      69186,
      67471,
      68189,
      70551,
      72301,
      77000,
      71320,
      78805
    ],
    "serverMemory": [
      0.27,
      0.27,
      0.28,
      0.28,
      0.27,
      0.27,
      0.27,
      0.27,
      0.27,
      0.27,
      0.27,
      0.27,
      0.27,
      0.27,
      0.27,
      0.27,
      0.27,
      0.27,
      0.27,
      0.27,
      0.27,
      0.27,
      0.27,
      0.27,
      0.27,
      0.27,
      0.27,
      0.27,
      0.27,
      0.27,
      0.27,
      0.27,
      0.27,
      0.27,
      0.27,
      0.27,
      0.27,
      0.27,
      0.27,
      0.27,
      0.27,
      0.27,
      0.27,
      0.27,
      0.27,
      0.27,
      0.27,
      0.27,
      0.27
    ],
    "serverCpu": [
      0.03,
      0.03,
      0.01,
      0.01,
      0.9,
      0.9,
      0.79,
      0.79,
      0.64,
      0.64,
      0.83,
      0.83,
      0.72,
      0.72,
      0.64,
      0.64,
      0.73,
      0.73,
      0.77,
      0.77,
      0.62,
      0.62,
      0.79,
      0.79,
      0.63,
      0.63,
      0.86,
      0.86,
      0.78,
      0.78,
      0.71,
      0.71,
      0.77,
      0.77,
      0.81,
      0.81,
      0.67,
      0.67,
      0.85,
      0.85,
      0.64,
      0.64,
      0.81,
      0.81,
      0.9,
      0.9,
      0.31,
      0.31,
      0
    ],
    "clientMemory": [
      0.24,
      0.24,
      0.28,
      0.28,
      0.24,
      0.24,
      0.24,
      0.24,
      0.28,
      0.28,
      0.24,
      0.24,
      0.24,
      0.24,
      0.27,
      0.27,
      0.24,
      0.24,
      0.24,
      0.24,
      0.24,
      0.24,
      0.24,
      0.24,
      0.27,
      0.27,
      0.24,
      0.24,
      0.24,
      0.24,
      0.28,
      0.28,
      0.24,
      0.24,
      0.24,
      0.24,
      0.24,
      0.24,
      0.24,
      0.24,
      0.28,
      0.28,
      0.24,
      0.24,
      0.24,
      0.24,
      0.24,
      0.24,
      0.24
    ],
    "clientCpu": [
      0.65,
      0.65,
      2.7,
      2.7,
      15.61,
      15.61,
      17.98,
      17.98,
      17.58,
      17.58,
      15.11,
      15.11,
      18.16,
      18.16,
      17.58,
      17.58,
      15.68,
      15.68,
      18.23,
      18.23,
      14.28,
      14.28,
      18.51,
      18.51,
      17.14,
      17.14,
      15.12,
      15.12,
      18.33,
      18.33,
      17.42,
      17.42,
      15.37,
      15.37,
      17.95,
      17.95,
      15.65,
      15.65,
      18.23,
      18.23,
      17.68,
      17.68,
      15.85,
      15.85,
      18.59,
      18.59,
      7.05,
      7.05,
      0.01
    ]
  }
}
