{
  "data": {
    "totalTime": [
      0.008425,
      0.007202,
      0.006238,
      0.006743,
      0.00733,
      0.006857,
      0.00911,
      0.00746,
      0.006701,
      0.008258,
      0.007883,
      0.006426,
      0.007069,
      0.008682,
      0.006955,
      0.007413,
      0.006853,
      0.006918,
      0.007774,
      0.006104,
      0.007871,
      0.006279,
      0.008266,
      0.007669,
      0.007169,
      0.006729,
      0.008121,
      0.007741,
      0.007586,
      0.007276,
      0.007712,
      0.007218,
      0.00662,
      0.00784,
      0.006733,
      0.005945,
      0.006776,
      0.007882,
      0.007193,
      0.008274,
      0.006112,
      0.00723,
      0.00817,
      0.007206,
      0.005986,
      0.007258,
      0.008062,
      0.007165,
      0.006568,
      0.006465,
      0.007609,
      0.007594,
      0.007992,
      0.006905,
      0.007804,
      0.006378,
      0.007205,
      0.007346,
      0.007095,
      0.007977,
      0.006443,
      0.006786,
      0.022979,
      0.007442,
      0.007882,
      0.007768,
      0.007915,
      0.006288,
      0.007546,
      0.007101,
      0.007187,
      0.008164,
      0.006875,
      0.00695,
      0.007302,
      0.006492,
      0.006812,
      0.007656,
      0.00794,
      0.007308,
      0.006686,
      0.006282,
      0.006305,
      0.006983,
      0.007131,
      0.007001,
      0.006867,
      0.007481,
      0.007184,
      0.007217,
      0.00714,
      0.007357,
      0.007415,
      0.007771,
      0.007113,
      0.007939,
      0.006225,
      0.007055,
      0.007329,
      0.006449
    ],
    "connectTime": [
      0.00133,
      0.001467,
      0.00102,
      0.001036,
      0.001034,
      0.000877,
      0.001127,
      0.001231,
      0.000814,
      0.001289,
      0.001173,
      0.001022,
      0.001208,
      0.001017,
      0.001172,
      0.001082,
      0.001058,
      0.00124,
      0.001199,
      0.000839,
      0.001138,
      0.000747,
      0.001026,
      0.001028,
      0.000933,
      0.000939,
      0.000954,
      0.001362,
      0.001114,
      0.001385,
      0.001339,
      0.001387,
      0.001044,
      0.000983,
      0.001249,
      0.000862,
      0.000784,
      0.001303,
      0.001159,
      0.000999,
      0.001016,
      0.000963,
      0.001083,
      0.000724,
      0.000864,
      0.001173,
      0.001489,
      0.000998,
      0.001101,
      0.000902,
      0.001082,
      0.001271,
      0.001144,
      0.001534,
      0.001327,
      0.000917,
      0.001236,
      0.001039,
      0.001256,
      0.001338,
      0.000988,
      0.000927,
      0.013511,
      0.001187,
      0.001237,
      0.001445,
      0.001279,
      0.000833,
      0.001172,
      0.000993,
      0.001036,
      0.001233,
      0.001395,
      0.000967,
      0.001272,
      0.000694,
      0.001355,
      0.001231,
      0.001251,
      0.000982,
      0.000918,
      0.000812,
      0.000784,
      0.000937,
      0.001223,
      0.001064,
      0.001129,
      0.001001,
      0.001085,
      0.001316,
      0.00097,
      0.001046,
      0.001216,
      0.001543,
      0.001463,
      0.001079,
      0.001038,
      0.001058,
      0.001123,
      0.000706
    ],
    "downloadSpeed": [
      72997,
      85392,
      98589,
      91205,
      83901,
      89689,
      67508,
      82439,
      91777,
      74473,
      78015,
      95704,
      86999,
      70836,
      88425,
      82962,
      89741,
      88898,
      79109,
      100753,
      78134,
      97945,
      74401,
      80192,
      85786,
      91395,
      75729,
      79447,
      81070,
      84524,
      79745,
      85203,
      92900,
      78443,
      91341,
      103448,
      90761,
      78025,
      85499,
      74329,
      100621,
      85062,
      75275,
      85345,
      102739,
      84734,
      76283,
      85833,
      93635,
      95127,
      80825,
      80984,
      76951,
      89065,
      78805,
      96425,
      85357,
      83719,
      86680,
      77096,
      95452,
      90627,
      26763,
      82639,
      78025,
      79170,
      77700,
      97805,
      81500,
      86607,
      85571,
      75330,
      89454,
      88489,
      84223,
      94731,
      90281,
      80329,
      77455,
      84154,
      91983,
      97898,
      97541,
      88071,
      86243,
      87844,
      89558,
      82208,
      85606,
      85215,
      86134,
      83593,
      82939,
      79140,
      86461,
      77465,
      98795,
      87172,
      83913,
      95363
    ],
    "serverMemory": [
      0.27,
      0.27,
      0.27,
      0.27,
      0.27,
      0.27,
      0.27,
      0.27,
      0.27,
      0.27,
      0.27,
      0.27,
      0.27,
      0.27,
      0.27,
      0.27,
      0.28,
      0.28,
      0.27,
      0.27,
      0.27,
      0.27,
      0.28,
      0.28,
      0.27,
      0.27,
      0.27,
      0.27,
      0.27,
      0.27,
      0.28,
      0.28,
      0.27,
      0.27,
      0.27,
      0.27,
      0.28,
      0.28,
      0.27,
      0.27,
      0.27,
      0.27,
      0.27,
      0.27,
      0.27,
      0.27,
      0.27,
      0.27
    ],
    "serverCpu": [
      0.03,
      0.03,
      0.26,
      0.26,
      0.97,
      0.97,
      0.87,
      0.87,
      1.02,
      1.02,
      1.16,
      1.16,
      0.9,
      0.9,
      1.02,
      1.02,
      0.99,
      0.99,
      0.93,
      0.93,
      1.07,
      1.07,
      0.89,
      0.89,
      0.91,
      0.91,
      0.99,
      0.99,
      1.05,
      1.05,
      1.16,
      1.16,
      0.89,
      0.89,
      0.99,
      0.99,
      0.98,
      0.98,
      0.88,
      0.88,
      1.04,
      1.04,
      0.82,
      0.82,
      0.99,
      0.99,
      0.19,
      0.19
    ],
    "clientMemory": [
      0.24,
      0.24,
      0.24,
      0.24,
      0.24,
      0.24,
      0.24,
      0.24,
      0.24,
      0.24,
      0.24,
      0.24,
      0.24,
      0.24,
      0.24,
      0.24,
      0.28,
      0.28,
      0.24,
      0.24,
      0.24,
      0.24,
      0.27,
      0.27,
      0.27,
      0.27,
      0.24,
      0.24,
      0.24,
      0.24,
      0.27,
      0.27,
      0.24,
      0.24,
      0.24,
      0.24,
      0.28,
      0.28,
      0.24,
      0.24,
      0.24,
      0.24,
      0.24,
      0.24,
      0.24,
      0.24,
      0.24,
      0.24
    ],
    "clientCpu": [
      0.7,
      0.7,
      3.65,
      3.65,
      18.07,
      18.07,
      14.23,
      14.23,
      18.29,
      18.29,
      17.5,
      17.5,
      14.17,
      14.17,
      17.61,
      17.61,
      17.14,
      17.14,
      14.38,
      14.38,
      18.1,
      18.1,
      16.76,
      16.76,
      16.34,
      16.34,
      14.52,
      14.52,
      17.54,
      17.54,
      17.7,
      17.7,
      14.78,
      14.78,
      17.95,
      17.95,
      16.74,
      16.74,
      14.23,
      14.23,
      17.58,
      17.58,
      14.96,
      14.96,
      17.42,
      17.42,
      3.38,
      3.38
    ]
  }
}
